Full Name,First Name,Last Name,DOB,PHN,Received first dose?,PIR ID,POSTAL CODE,Reg No,Appointment No,Status,Errors,Immunization No
TEST PANOSHARPIE,TEST,PANOSHARPIE,"Aug 01, 1988",9879454958,No,5588685,V0R2Y0,,,,,
JANTHREEFNAME JANTHREE,JANTHREEFNAME,JANTHREE,"Feb 02, 1989",9879881892,No,5588700,V0R2Y0,,,,,
BARBIE LABFLASTNAMETESTROBERT,BARBIE,LABFLASTNAMETESTROBERT,"Jun 02, 1990",9879455476,No,5588683,V0R2Y0,,,,,
TESTERE CGITEST,TESTERE,CGITEST,"May 05, 1990",9879453125,No,5588698,V0R2Y0,,,,,
ONE TESTINGTHELONGESLASTNAMEEEEEEEEEEEEEEEEEEEEEEEEEEEEEEEEEEEEEEEEEEEEEEEEEEEE,ONE,TESTINGTHELONGESLASTNAMEEEEEEEEEEEEEEEEEEEEEEEEEEEEEEEEEEEEEEEEEEEEEEEEEEEE,"Sep 06, 1987",9879886759,No,5589095,V0B1B0,,,,,


Full Name,First Name,Last Name,DOB,PHN,Received first dose?,PIR ID,POSTAL CODE,Reg No,Appointment No,Status,Errors,Immunization No
TEST PANOSHARPIE,TEST,PANOSHARPIE,"Aug 01, 1988",9879454958,No,5588685,V0R2Y0,,,,,

Full Name,First Name,Last Name,DOB,PHN,Received first dose?,PIR ID,POSTAL CODE,Reg No,Appointment No,Status,Errors,Immunization No
OLIVIA TESTGIRL,OLIVIA,TESTGIRL,"Sep 18, 1917",9876079823,No,5588685,V0A1P0,,,,,

ngabriel@deloitte.ca